Seq_1,Seq_2,Seq_3,Seq_4,Seq_5,Seq_6,Seq_7,Seq_8,Seq_9,Seq_10,Seq_11,Seq_12,Seq_13,Seq_14,Seq_15,Seq_16,Seq_17,Seq_18,Seq_19,Seq_20,Seq_21,Seq_22,Seq_23,Seq_24,Seq_25,Seq_26,Seq_27,Seq_28,Seq_29,Seq_30,Seq_31,Seq_32,Seq_33,Seq_34,Seq_35,Seq_36,Seq_37,Seq_38,Seq_39,Seq_40,Seq_41,Seq_42,Seq_43,Seq_44,Seq_45,Seq_46,Seq_47,Seq_48,Seq_49,Seq_50,Seq_51,Seq_52,Seq_53,Seq_54,Seq_55,Seq_56,Seq_57,Seq_58,Seq_59,Seq_60,Seq_61,Seq_62,Seq_63,Seq_64,Seq_65,Seq_66,Seq_67,Seq_68,Seq_69,Seq_70,Seq_71,Seq_72,Seq_73,Seq_74,Seq_75,Seq_76,Seq_77,Seq_78,Seq_79,Seq_80,Seq_81,Seq_82,Seq_83,Seq_84,Seq_85,Seq_86,Seq_87,Seq_88,Seq_89,Seq_90,Seq_91,Seq_92,Seq_93,Seq_94,Seq_95,Seq_96,Seq_97,Seq_98,Seq_99,Seq_100,Seq_101
1,2,3,4,5,6,7,8,9,10,11,12,13,14,15,16,17,18,19,20,21,22,23,24,25,26,27,28,29,30,31,32,33,34,35,36,37,38,39,40,41,42,43,44,45,46,47,48,49,50,51,52,53,54,55,56,57,58,59,60,61,62,63,64,65,66,67,68,69,70,71,72,73,74,75,76,77,78,79,80,81,82,83,84,85,86,87,88,89,90,91,92,93,94,95,96,97,98,99,100,101
,1,10,2,16,3,22,4,28,5,34,6,40,7,46,8,52,9,58,10,64,11,70,12,76,13,82,14,88,15,94,16,100,17,106,18,112,19,118,20,124,21,130,22,136,23,142,24,148,25,154,26,160,27,166,28,172,29,178,30,184,31,190,32,196,33,202,34,208,35,214,36,220,37,226,38,232,39,238,40,244,41,250,42,256,43,262,44,268,45,274,46,280,47,286,48,292,49,298,50,304
,,5,1,8,10,11,2,14,16,17,3,20,22,23,4,26,28,29,5,32,34,35,6,38,40,41,7,44,46,47,8,50,52,53,9,56,58,59,10,62,64,65,11,68,70,71,12,74,76,77,13,80,82,83,14,86,88,89,15,92,94,95,16,98,100,101,17,104,106,107,18,110,112,113,19,116,118,119,20,122,124,125,21,128,130,131,22,134,136,137,23,140,142,143,24,146,148,149,25,152
,,16,,4,5,34,1,7,8,52,10,10,11,70,2,13,14,88,16,16,17,106,3,19,20,124,22,22,23,142,4,25,26,160,28,28,29,178,5,31,32,196,34,34,35,214,6,37,38,232,40,40,41,250,7,43,44,268,46,46,47,286,8,49,50,304,52,52,53,322,9,55,56,340,58,58,59,358,10,61,62,376,64,64,65,394,11,67,68,412,70,70,71,430,12,73,74,448,76,76
,,8,,2,16,17,,22,4,26,5,5,34,35,1,40,7,44,8,8,52,53,10,58,10,62,11,11,70,71,2,76,13,80,14,14,88,89,16,94,16,98,17,17,106,107,3,112,19,116,20,20,124,125,22,130,22,134,23,23,142,143,4,148,25,152,26,26,160,161,28,166,28,170,29,29,178,179,5,184,31,188,32,32,196,197,34,202,34,206,35,35,214,215,6,220,37,224,38,38
,,4,,1,8,52,,11,2,13,16,16,17,106,,20,22,22,4,4,26,160,5,29,5,31,34,34,35,214,1,38,40,40,7,7,44,268,8,47,8,49,52,52,53,322,10,56,58,58,10,10,62,376,11,65,11,67,70,70,71,430,2,74,76,76,13,13,80,484,14,83,14,85,88,88,89,538,16,92,94,94,16,16,98,592,17,101,17,103,106,106,107,646,3,110,112,112,19,19
,,2,,,4,26,,34,1,40,8,8,52,53,,10,11,11,2,2,13,80,16,88,16,94,17,17,106,107,,19,20,20,22,22,22,134,4,142,4,148,26,26,160,161,5,28,29,29,5,5,31,188,34,196,34,202,35,35,214,215,1,37,38,38,40,40,40,242,7,250,7,256,44,44,268,269,8,46,47,47,8,8,49,296,52,304,52,310,53,53,322,323,10,55,56,56,58,58
,,1,,,2,13,,17,,20,4,4,26,160,,5,34,34,1,1,40,40,8,44,8,47,52,52,53,322,,58,10,10,11,11,11,67,2,71,2,74,13,13,80,484,16,14,88,88,16,16,94,94,17,98,17,101,106,106,107,646,,112,19,19,20,20,20,121,22,125,22,128,22,22,134,808,4,23,142,142,4,4,148,148,26,152,26,155,160,160,161,970,5,166,28,28,29,29
,,,,,1,40,,52,,10,2,2,13,80,,16,17,17,,,20,20,4,22,4,142,26,26,160,161,,29,5,5,34,34,34,202,1,214,1,37,40,40,40,242,8,7,44,44,8,8,47,47,52,49,52,304,53,53,322,323,,56,58,58,10,10,10,364,11,376,11,64,11,11,67,404,2,70,71,71,2,2,74,74,13,76,13,466,80,80,484,485,16,83,14,14,88,88
,,,,,,20,,26,,5,1,1,40,40,,8,52,52,,,10,10,2,11,2,71,13,13,80,484,,88,16,16,17,17,17,101,,107,,112,20,20,20,121,4,22,22,22,4,4,142,142,26,148,26,152,160,160,161,970,,28,29,29,5,5,5,182,34,188,34,32,34,34,202,202,1,35,214,214,1,1,37,37,40,38,40,233,40,40,242,1456,8,250,7,7,44,44
,,,,,,10,,13,,16,,,20,20,,4,26,26,,,5,5,1,34,1,214,40,40,40,242,,44,8,8,52,52,52,304,,322,,56,10,10,10,364,2,11,11,11,2,2,71,71,13,74,13,76,80,80,484,485,,14,88,88,16,16,16,91,17,94,17,16,17,17,101,101,,106,107,107,,,112,112,20,19,20,700,20,20,121,728,4,125,22,22,22,22
,,,,,,5,,40,,8,,,10,10,,2,13,13,,,16,16,,17,,107,20,20,20,121,,22,4,4,26,26,26,152,,161,,28,5,5,5,182,1,34,34,34,1,1,214,214,40,37,40,38,40,40,242,1456,,7,44,44,8,8,8,274,52,47,52,8,52,52,304,304,,53,322,322,,,56,56,10,58,10,350,10,10,364,364,2,376,11,11,11,11
,,,,,,16,,20,,4,,,5,5,,1,40,40,,,8,8,,52,,322,10,10,10,364,,11,2,2,13,13,13,76,,484,,14,16,16,16,91,,17,17,17,,,107,107,20,112,20,19,20,20,121,728,,22,22,22,4,4,4,137,26,142,26,4,26,26,152,152,,160,161,161,,,28,28,5,29,5,175,5,5,182,182,1,188,34,34,34,34
,,,,,,8,,10,,2,,,16,16,,,20,20,,,4,4,,26,,161,5,5,5,182,,34,1,1,40,40,40,38,,242,,7,8,8,8,274,,52,52,52,,,322,322,10,56,10,58,10,10,364,364,,11,11,11,2,2,2,412,13,71,13,2,13,13,76,76,,80,484,484,,,14,14,16,88,16,526,16,16,91,91,,94,17,17,17,17
,,,,,,4,,5,,1,,,8,8,,,10,10,,,2,2,,13,,484,16,16,16,91,,17,,,20,20,20,19,,121,,22,4,4,4,137,,26,26,26,,,161,161,5,28,5,29,5,5,182,182,,34,34,34,1,1,1,206,40,214,40,1,40,40,38,38,,40,242,242,,,7,7,8,44,8,263,8,8,274,274,,47,52,52,52,52
,,,,,,2,,16,,,,,4,4,,,5,5,,,1,1,,40,,242,8,8,8,274,,52,,,10,10,10,58,,364,,11,2,2,2,412,,13,13,13,,,484,484,16,14,16,88,16,16,91,91,,17,17,17,,,,103,20,107,20,,20,20,19,19,,20,121,121,,,22,22,4,22,4,790,4,4,137,137,,142,26,26,26,26
,,,,,,1,,8,,,,,2,2,,,16,16,,,,,,20,,121,4,4,4,137,,26,,,5,5,5,29,,182,,34,1,1,1,206,,40,40,40,,,242,242,8,7,8,44,8,8,274,274,,52,52,52,,,,310,10,322,10,,10,10,58,58,,10,364,364,,,11,11,2,11,2,395,2,2,412,412,,71,13,13,13,13
,,,,,,,,4,,,,,1,1,,,8,8,,,,,,10,,364,2,2,2,412,,13,,,16,16,16,88,,91,,17,,,,103,,20,20,20,,,121,121,4,22,4,22,4,4,137,137,,26,26,26,,,,155,5,161,5,,5,5,29,29,,5,182,182,,,34,34,1,34,1,1186,1,1,206,206,,214,40,40,40,40
,,,,,,,,2,,,,,,,,,4,4,,,,,,5,,182,1,1,1,206,,40,,,8,8,8,44,,274,,52,,,,310,,10,10,10,,,364,364,2,11,2,11,2,2,412,412,,13,13,13,,,,466,16,484,16,,16,16,88,88,,16,91,91,,,17,17,,17,,593,,,103,103,,107,20,20,20,20
,,,,,,,,1,,,,,,,,,2,2,,,,,,16,,91,,,,103,,20,,,4,4,4,22,,137,,26,,,,155,,5,5,5,,,182,182,1,34,1,34,1,1,206,206,,40,40,40,,,,233,8,242,8,,8,8,44,44,,8,274,274,,,52,52,,52,,1780,,,310,310,,322,10,10,10,10
,,,,,,,,,,,,,,,,,1,1,,,,,,8,,274,,,,310,,10,,,2,2,2,11,,412,,13,,,,466,,16,16,16,,,91,91,,17,,17,,,103,103,,20,20,20,,,,700,4,121,4,,4,4,22,22,,4,137,137,,,26,26,,26,,890,,,155,155,,161,5,5,5,5
,,,,,,,,,,,,,,,,,,,,,,,,4,,137,,,,155,,5,,,1,1,1,34,,206,,40,,,,233,,8,8,8,,,274,274,,52,,52,,,310,310,,10,10,10,,,,350,2,364,2,,2,2,11,11,,2,412,412,,,13,13,,13,,445,,,466,466,,484,16,16,16,16
,,,,,,,,,,,,,,,,,,,,,,,,2,,412,,,,466,,16,,,,,,17,,103,,20,,,,700,,4,4,4,,,137,137,,26,,26,,,155,155,,5,5,5,,,,175,1,182,1,,1,1,34,34,,1,206,206,,,40,40,,40,,1336,,,233,233,,242,8,8,8,8
,,,,,,,,,,,,,,,,,,,,,,,,1,,206,,,,233,,8,,,,,,52,,310,,10,,,,350,,2,2,2,,,412,412,,13,,13,,,466,466,,16,16,16,,,,526,,91,,,,,17,17,,,103,103,,,20,20,,20,,668,,,700,700,,121,4,4,4,4
,,,,,,,,,,,,,,,,,,,,,,,,,,103,,,,700,,4,,,,,,26,,155,,5,,,,175,,1,1,1,,,206,206,,40,,40,,,233,233,,8,8,8,,,,263,,274,,,,,52,52,,,310,310,,,10,10,,10,,334,,,350,350,,364,2,2,2,2
,,,,,,,,,,,,,,,,,,,,,,,,,,310,,,,350,,2,,,,,,13,,466,,16,,,,526,,,,,,,103,103,,20,,20,,,700,700,,4,4,4,,,,790,,137,,,,,26,26,,,155,155,,,5,5,,5,,167,,,175,175,,182,1,1,1,1
,,,,,,,,,,,,,,,,,,,,,,,,,,155,,,,175,,1,,,,,,40,,233,,8,,,,263,,,,,,,310,310,,10,,10,,,350,350,,2,2,2,,,,395,,412,,,,,13,13,,,466,466,,,16,16,,16,,502,,,526,526,,91,,,,
,,,,,,,,,,,,,,,,,,,,,,,,,,466,,,,526,,,,,,,,20,,700,,4,,,,790,,,,,,,155,155,,5,,5,,,175,175,,1,1,1,,,,1186,,206,,,,,40,40,,,233,233,,,8,8,,8,,251,,,263,263,,274,,,,
,,,,,,,,,,,,,,,,,,,,,,,,,,233,,,,263,,,,,,,,10,,350,,2,,,,395,,,,,,,466,466,,16,,16,,,526,526,,,,,,,,593,,103,,,,,20,20,,,700,700,,,4,4,,4,,754,,,790,790,,137,,,,
,,,,,,,,,,,,,,,,,,,,,,,,,,700,,,,790,,,,,,,,5,,175,,1,,,,1186,,,,,,,233,233,,8,,8,,,263,263,,,,,,,,1780,,310,,,,,10,10,,,350,350,,,2,2,,2,,377,,,395,395,,412,,,,
,,,,,,,,,,,,,,,,,,,,,,,,,,350,,,,395,,,,,,,,16,,526,,,,,,593,,,,,,,700,700,,4,,4,,,790,790,,,,,,,,890,,155,,,,,5,5,,,175,175,,,1,1,,1,,1132,,,1186,1186,,206,,,,
,,,,,,,,,,,,,,,,,,,,,,,,,,175,,,,1186,,,,,,,,8,,263,,,,,,1780,,,,,,,350,350,,2,,2,,,395,395,,,,,,,,445,,466,,,,,16,16,,,526,526,,,,,,,,566,,,593,593,,103,,,,
,,,,,,,,,,,,,,,,,,,,,,,,,,526,,,,593,,,,,,,,4,,790,,,,,,890,,,,,,,175,175,,1,,1,,,1186,1186,,,,,,,,1336,,233,,,,,8,8,,,263,263,,,,,,,,283,,,1780,1780,,310,,,,
,,,,,,,,,,,,,,,,,,,,,,,,,,263,,,,1780,,,,,,,,2,,395,,,,,,445,,,,,,,526,526,,,,,,,593,593,,,,,,,,668,,700,,,,,4,4,,,790,790,,,,,,,,850,,,890,890,,155,,,,
,,,,,,,,,,,,,,,,,,,,,,,,,,790,,,,890,,,,,,,,1,,1186,,,,,,1336,,,,,,,263,263,,,,,,,1780,1780,,,,,,,,334,,350,,,,,2,2,,,395,395,,,,,,,,425,,,445,445,,466,,,,
,,,,,,,,,,,,,,,,,,,,,,,,,,395,,,,445,,,,,,,,,,593,,,,,,668,,,,,,,790,790,,,,,,,890,890,,,,,,,,167,,175,,,,,1,1,,,1186,1186,,,,,,,,1276,,,1336,1336,,233,,,,
,,,,,,,,,,,,,,,,,,,,,,,,,,1186,,,,1336,,,,,,,,,,1780,,,,,,334,,,,,,,395,395,,,,,,,445,445,,,,,,,,502,,526,,,,,,,,,593,593,,,,,,,,638,,,668,668,,700,,,,
,,,,,,,,,,,,,,,,,,,,,,,,,,593,,,,668,,,,,,,,,,890,,,,,,167,,,,,,,1186,1186,,,,,,,1336,1336,,,,,,,,251,,263,,,,,,,,,1780,1780,,,,,,,,319,,,334,334,,350,,,,
,,,,,,,,,,,,,,,,,,,,,,,,,,1780,,,,334,,,,,,,,,,445,,,,,,502,,,,,,,593,593,,,,,,,668,668,,,,,,,,754,,790,,,,,,,,,890,890,,,,,,,,958,,,167,167,,175,,,,
,,,,,,,,,,,,,,,,,,,,,,,,,,890,,,,167,,,,,,,,,,1336,,,,,,251,,,,,,,1780,1780,,,,,,,334,334,,,,,,,,377,,395,,,,,,,,,445,445,,,,,,,,479,,,502,502,,526,,,,
,,,,,,,,,,,,,,,,,,,,,,,,,,445,,,,502,,,,,,,,,,668,,,,,,754,,,,,,,890,890,,,,,,,167,167,,,,,,,,1132,,1186,,,,,,,,,1336,1336,,,,,,,,1438,,,251,251,,263,,,,
,,,,,,,,,,,,,,,,,,,,,,,,,,1336,,,,251,,,,,,,,,,334,,,,,,377,,,,,,,445,445,,,,,,,502,502,,,,,,,,566,,593,,,,,,,,,668,668,,,,,,,,719,,,754,754,,790,,,,
,,,,,,,,,,,,,,,,,,,,,,,,,,668,,,,754,,,,,,,,,,167,,,,,,1132,,,,,,,1336,1336,,,,,,,251,251,,,,,,,,283,,1780,,,,,,,,,334,334,,,,,,,,2158,,,377,377,,395,,,,
,,,,,,,,,,,,,,,,,,,,,,,,,,334,,,,377,,,,,,,,,,502,,,,,,566,,,,,,,668,668,,,,,,,754,754,,,,,,,,850,,890,,,,,,,,,167,167,,,,,,,,1079,,,1132,1132,,1186,,,,
,,,,,,,,,,,,,,,,,,,,,,,,,,167,,,,1132,,,,,,,,,,251,,,,,,283,,,,,,,334,334,,,,,,,377,377,,,,,,,,425,,445,,,,,,,,,502,502,,,,,,,,3238,,,566,566,,593,,,,
,,,,,,,,,,,,,,,,,,,,,,,,,,502,,,,566,,,,,,,,,,754,,,,,,850,,,,,,,167,167,,,,,,,1132,1132,,,,,,,,1276,,1336,,,,,,,,,251,251,,,,,,,,1619,,,283,283,,1780,,,,
,,,,,,,,,,,,,,,,,,,,,,,,,,251,,,,283,,,,,,,,,,377,,,,,,425,,,,,,,502,502,,,,,,,566,566,,,,,,,,638,,668,,,,,,,,,754,754,,,,,,,,4858,,,850,850,,890,,,,
,,,,,,,,,,,,,,,,,,,,,,,,,,754,,,,850,,,,,,,,,,1132,,,,,,1276,,,,,,,251,251,,,,,,,283,283,,,,,,,,319,,334,,,,,,,,,377,377,,,,,,,,2429,,,425,425,,445,,,,
,,,,,,,,,,,,,,,,,,,,,,,,,,377,,,,425,,,,,,,,,,566,,,,,,638,,,,,,,754,754,,,,,,,850,850,,,,,,,,958,,167,,,,,,,,,1132,1132,,,,,,,,7288,,,1276,1276,,1336,,,,
,,,,,,,,,,,,,,,,,,,,,,,,,,1132,,,,1276,,,,,,,,,,283,,,,,,319,,,,,,,377,377,,,,,,,425,425,,,,,,,,479,,502,,,,,,,,,566,566,,,,,,,,3644,,,638,638,,668,,,,
,,,,,,,,,,,,,,,,,,,,,,,,,,566,,,,638,,,,,,,,,,850,,,,,,958,,,,,,,1132,1132,,,,,,,1276,1276,,,,,,,,1438,,251,,,,,,,,,283,283,,,,,,,,1822,,,319,319,,334,,,,
,,,,,,,,,,,,,,,,,,,,,,,,,,283,,,,319,,,,,,,,,,425,,,,,,479,,,,,,,566,566,,,,,,,638,638,,,,,,,,719,,754,,,,,,,,,850,850,,,,,,,,911,,,958,958,,167,,,,
,,,,,,,,,,,,,,,,,,,,,,,,,,850,,,,958,,,,,,,,,,1276,,,,,,1438,,,,,,,283,283,,,,,,,319,319,,,,,,,,2158,,377,,,,,,,,,425,425,,,,,,,,2734,,,479,479,,502,,,,
,,,,,,,,,,,,,,,,,,,,,,,,,,425,,,,479,,,,,,,,,,638,,,,,,719,,,,,,,850,850,,,,,,,958,958,,,,,,,,1079,,1132,,,,,,,,,1276,1276,,,,,,,,1367,,,1438,1438,,251,,,,
,,,,,,,,,,,,,,,,,,,,,,,,,,1276,,,,1438,,,,,,,,,,319,,,,,,2158,,,,,,,425,425,,,,,,,479,479,,,,,,,,3238,,566,,,,,,,,,638,638,,,,,,,,4102,,,719,719,,754,,,,
,,,,,,,,,,,,,,,,,,,,,,,,,,638,,,,719,,,,,,,,,,958,,,,,,1079,,,,,,,1276,1276,,,,,,,1438,1438,,,,,,,,1619,,283,,,,,,,,,319,319,,,,,,,,2051,,,2158,2158,,377,,,,
,,,,,,,,,,,,,,,,,,,,,,,,,,319,,,,2158,,,,,,,,,,479,,,,,,3238,,,,,,,638,638,,,,,,,719,719,,,,,,,,4858,,850,,,,,,,,,958,958,,,,,,,,6154,,,1079,1079,,1132,,,,
,,,,,,,,,,,,,,,,,,,,,,,,,,958,,,,1079,,,,,,,,,,1438,,,,,,1619,,,,,,,319,319,,,,,,,2158,2158,,,,,,,,2429,,425,,,,,,,,,479,479,,,,,,,,3077,,,3238,3238,,566,,,,
,,,,,,,,,,,,,,,,,,,,,,,,,,479,,,,3238,,,,,,,,,,719,,,,,,4858,,,,,,,958,958,,,,,,,1079,1079,,,,,,,,7288,,1276,,,,,,,,,1438,1438,,,,,,,,9232,,,1619,1619,,283,,,,
,,,,,,,,,,,,,,,,,,,,,,,,,,1438,,,,1619,,,,,,,,,,2158,,,,,,2429,,,,,,,479,479,,,,,,,3238,3238,,,,,,,,3644,,638,,,,,,,,,719,719,,,,,,,,4616,,,4858,4858,,850,,,,
,,,,,,,,,,,,,,,,,,,,,,,,,,719,,,,4858,,,,,,,,,,1079,,,,,,7288,,,,,,,1438,1438,,,,,,,1619,1619,,,,,,,,1822,,319,,,,,,,,,2158,2158,,,,,,,,2308,,,2429,2429,,425,,,,
,,,,,,,,,,,,,,,,,,,,,,,,,,2158,,,,2429,,,,,,,,,,3238,,,,,,3644,,,,,,,719,719,,,,,,,4858,4858,,,,,,,,911,,958,,,,,,,,,1079,1079,,,,,,,,1154,,,7288,7288,,1276,,,,
,,,,,,,,,,,,,,,,,,,,,,,,,,1079,,,,7288,,,,,,,,,,1619,,,,,,1822,,,,,,,2158,2158,,,,,,,2429,2429,,,,,,,,2734,,479,,,,,,,,,3238,3238,,,,,,,,577,,,3644,3644,,638,,,,
,,,,,,,,,,,,,,,,,,,,,,,,,,3238,,,,3644,,,,,,,,,,4858,,,,,,911,,,,,,,1079,1079,,,,,,,7288,7288,,,,,,,,1367,,1438,,,,,,,,,1619,1619,,,,,,,,1732,,,1822,1822,,319,,,,
,,,,,,,,,,,,,,,,,,,,,,,,,,1619,,,,1822,,,,,,,,,,2429,,,,,,2734,,,,,,,3238,3238,,,,,,,3644,3644,,,,,,,,4102,,719,,,,,,,,,4858,4858,,,,,,,,866,,,911,911,,958,,,,
,,,,,,,,,,,,,,,,,,,,,,,,,,4858,,,,911,,,,,,,,,,7288,,,,,,1367,,,,,,,1619,1619,,,,,,,1822,1822,,,,,,,,2051,,2158,,,,,,,,,2429,2429,,,,,,,,433,,,2734,2734,,479,,,,
,,,,,,,,,,,,,,,,,,,,,,,,,,2429,,,,2734,,,,,,,,,,3644,,,,,,4102,,,,,,,4858,4858,,,,,,,911,911,,,,,,,,6154,,1079,,,,,,,,,7288,7288,,,,,,,,1300,,,1367,1367,,1438,,,,
,,,,,,,,,,,,,,,,,,,,,,,,,,7288,,,,1367,,,,,,,,,,1822,,,,,,2051,,,,,,,2429,2429,,,,,,,2734,2734,,,,,,,,3077,,3238,,,,,,,,,3644,3644,,,,,,,,650,,,4102,4102,,719,,,,
,,,,,,,,,,,,,,,,,,,,,,,,,,3644,,,,4102,,,,,,,,,,911,,,,,,6154,,,,,,,7288,7288,,,,,,,1367,1367,,,,,,,,9232,,1619,,,,,,,,,1822,1822,,,,,,,,325,,,2051,2051,,2158,,,,
,,,,,,,,,,,,,,,,,,,,,,,,,,1822,,,,2051,,,,,,,,,,2734,,,,,,3077,,,,,,,3644,3644,,,,,,,4102,4102,,,,,,,,4616,,4858,,,,,,,,,911,911,,,,,,,,976,,,6154,6154,,1079,,,,
,,,,,,,,,,,,,,,,,,,,,,,,,,911,,,,6154,,,,,,,,,,1367,,,,,,9232,,,,,,,1822,1822,,,,,,,2051,2051,,,,,,,,2308,,2429,,,,,,,,,2734,2734,,,,,,,,488,,,3077,3077,,3238,,,,
,,,,,,,,,,,,,,,,,,,,,,,,,,2734,,,,3077,,,,,,,,,,4102,,,,,,4616,,,,,,,911,911,,,,,,,6154,6154,,,,,,,,1154,,7288,,,,,,,,,1367,1367,,,,,,,,244,,,9232,9232,,1619,,,,
,,,,,,,,,,,,,,,,,,,,,,,,,,1367,,,,9232,,,,,,,,,,2051,,,,,,2308,,,,,,,2734,2734,,,,,,,3077,3077,,,,,,,,577,,3644,,,,,,,,,4102,4102,,,,,,,,122,,,4616,4616,,4858,,,,
,,,,,,,,,,,,,,,,,,,,,,,,,,4102,,,,4616,,,,,,,,,,6154,,,,,,1154,,,,,,,1367,1367,,,,,,,9232,9232,,,,,,,,1732,,1822,,,,,,,,,2051,2051,,,,,,,,61,,,2308,2308,,2429,,,,
,,,,,,,,,,,,,,,,,,,,,,,,,,2051,,,,2308,,,,,,,,,,3077,,,,,,577,,,,,,,4102,4102,,,,,,,4616,4616,,,,,,,,866,,911,,,,,,,,,6154,6154,,,,,,,,184,,,1154,1154,,7288,,,,
,,,,,,,,,,,,,,,,,,,,,,,,,,6154,,,,1154,,,,,,,,,,9232,,,,,,1732,,,,,,,2051,2051,,,,,,,2308,2308,,,,,,,,433,,2734,,,,,,,,,3077,3077,,,,,,,,92,,,577,577,,3644,,,,
,,,,,,,,,,,,,,,,,,,,,,,,,,3077,,,,577,,,,,,,,,,4616,,,,,,866,,,,,,,6154,6154,,,,,,,1154,1154,,,,,,,,1300,,1367,,,,,,,,,9232,9232,,,,,,,,46,,,1732,1732,,1822,,,,
,,,,,,,,,,,,,,,,,,,,,,,,,,9232,,,,1732,,,,,,,,,,2308,,,,,,433,,,,,,,3077,3077,,,,,,,577,577,,,,,,,,650,,4102,,,,,,,,,4616,4616,,,,,,,,23,,,866,866,,911,,,,
,,,,,,,,,,,,,,,,,,,,,,,,,,4616,,,,866,,,,,,,,,,1154,,,,,,1300,,,,,,,9232,9232,,,,,,,1732,1732,,,,,,,,325,,2051,,,,,,,,,2308,2308,,,,,,,,70,,,433,433,,2734,,,,
,,,,,,,,,,,,,,,,,,,,,,,,,,2308,,,,433,,,,,,,,,,577,,,,,,650,,,,,,,4616,4616,,,,,,,866,866,,,,,,,,976,,6154,,,,,,,,,1154,1154,,,,,,,,35,,,1300,1300,,1367,,,,
,,,,,,,,,,,,,,,,,,,,,,,,,,1154,,,,1300,,,,,,,,,,1732,,,,,,325,,,,,,,2308,2308,,,,,,,433,433,,,,,,,,488,,3077,,,,,,,,,577,577,,,,,,,,106,,,650,650,,4102,,,,
,,,,,,,,,,,,,,,,,,,,,,,,,,577,,,,650,,,,,,,,,,866,,,,,,976,,,,,,,1154,1154,,,,,,,1300,1300,,,,,,,,244,,9232,,,,,,,,,1732,1732,,,,,,,,53,,,325,325,,2051,,,,
,,,,,,,,,,,,,,,,,,,,,,,,,,1732,,,,325,,,,,,,,,,433,,,,,,488,,,,,,,577,577,,,,,,,650,650,,,,,,,,122,,4616,,,,,,,,,866,866,,,,,,,,160,,,976,976,,6154,,,,
,,,,,,,,,,,,,,,,,,,,,,,,,,866,,,,976,,,,,,,,,,1300,,,,,,244,,,,,,,1732,1732,,,,,,,325,325,,,,,,,,61,,2308,,,,,,,,,433,433,,,,,,,,80,,,488,488,,3077,,,,
,,,,,,,,,,,,,,,,,,,,,,,,,,433,,,,488,,,,,,,,,,650,,,,,,122,,,,,,,866,866,,,,,,,976,976,,,,,,,,184,,1154,,,,,,,,,1300,1300,,,,,,,,40,,,244,244,,9232,,,,
,,,,,,,,,,,,,,,,,,,,,,,,,,1300,,,,244,,,,,,,,,,325,,,,,,61,,,,,,,433,433,,,,,,,488,488,,,,,,,,92,,577,,,,,,,,,650,650,,,,,,,,20,,,122,122,,4616,,,,
,,,,,,,,,,,,,,,,,,,,,,,,,,650,,,,122,,,,,,,,,,976,,,,,,184,,,,,,,1300,1300,,,,,,,244,244,,,,,,,,46,,1732,,,,,,,,,325,325,,,,,,,,10,,,61,61,,2308,,,,
,,,,,,,,,,,,,,,,,,,,,,,,,,325,,,,61,,,,,,,,,,488,,,,,,92,,,,,,,650,650,,,,,,,122,122,,,,,,,,23,,866,,,,,,,,,976,976,,,,,,,,5,,,184,184,,1154,,,,
,,,,,,,,,,,,,,,,,,,,,,,,,,976,,,,184,,,,,,,,,,244,,,,,,46,,,,,,,325,325,,,,,,,61,61,,,,,,,,70,,433,,,,,,,,,488,488,,,,,,,,16,,,92,92,,577,,,,
,,,,,,,,,,,,,,,,,,,,,,,,,,488,,,,92,,,,,,,,,,122,,,,,,23,,,,,,,976,976,,,,,,,184,184,,,,,,,,35,,1300,,,,,,,,,244,244,,,,,,,,8,,,46,46,,1732,,,,
,,,,,,,,,,,,,,,,,,,,,,,,,,244,,,,46,,,,,,,,,,61,,,,,,70,,,,,,,488,488,,,,,,,92,92,,,,,,,,106,,650,,,,,,,,,122,122,,,,,,,,4,,,23,23,,866,,,,
,,,,,,,,,,,,,,,,,,,,,,,,,,122,,,,23,,,,,,,,,,184,,,,,,35,,,,,,,244,244,,,,,,,46,46,,,,,,,,53,,325,,,,,,,,,61,61,,,,,,,,2,,,70,70,,433,,,,
,,,,,,,,,,,,,,,,,,,,,,,,,,61,,,,70,,,,,,,,,,92,,,,,,106,,,,,,,122,122,,,,,,,23,23,,,,,,,,160,,976,,,,,,,,,184,184,,,,,,,,1,,,35,35,,1300,,,,
,,,,,,,,,,,,,,,,,,,,,,,,,,184,,,,35,,,,,,,,,,46,,,,,,53,,,,,,,61,61,,,,,,,70,70,,,,,,,,80,,488,,,,,,,,,92,92,,,,,,,,,,,106,106,,650,,,,
,,,,,,,,,,,,,,,,,,,,,,,,,,92,,,,106,,,,,,,,,,23,,,,,,160,,,,,,,184,184,,,,,,,35,35,,,,,,,,40,,244,,,,,,,,,46,46,,,,,,,,,,,53,53,,325,,,,
,,,,,,,,,,,,,,,,,,,,,,,,,,46,,,,53,,,,,,,,,,70,,,,,,80,,,,,,,92,92,,,,,,,106,106,,,,,,,,20,,122,,,,,,,,,23,23,,,,,,,,,,,160,160,,976,,,,
,,,,,,,,,,,,,,,,,,,,,,,,,,23,,,,160,,,,,,,,,,35,,,,,,40,,,,,,,46,46,,,,,,,53,53,,,,,,,,10,,61,,,,,,,,,70,70,,,,,,,,,,,80,80,,488,,,,
,,,,,,,,,,,,,,,,,,,,,,,,,,70,,,,80,,,,,,,,,,106,,,,,,20,,,,,,,23,23,,,,,,,160,160,,,,,,,,5,,184,,,,,,,,,35,35,,,,,,,,,,,40,40,,244,,,,
,,,,,,,,,,,,,,,,,,,,,,,,,,35,,,,40,,,,,,,,,,53,,,,,,10,,,,,,,70,70,,,,,,,80,80,,,,,,,,16,,92,,,,,,,,,106,106,,,,,,,,,,,20,20,,122,,,,
,,,,,,,,,,,,,,,,,,,,,,,,,,106,,,,20,,,,,,,,,,160,,,,,,5,,,,,,,35,35,,,,,,,40,40,,,,,,,,8,,46,,,,,,,,,53,53,,,,,,,,,,,10,10,,61,,,,
,,,,,,,,,,,,,,,,,,,,,,,,,,53,,,,10,,,,,,,,,,80,,,,,,16,,,,,,,106,106,,,,,,,20,20,,,,,,,,4,,23,,,,,,,,,160,160,,,,,,,,,,,5,5,,184,,,,
,,,,,,,,,,,,,,,,,,,,,,,,,,160,,,,5,,,,,,,,,,40,,,,,,8,,,,,,,53,53,,,,,,,10,10,,,,,,,,2,,70,,,,,,,,,80,80,,,,,,,,,,,16,16,,92,,,,
,,,,,,,,,,,,,,,,,,,,,,,,,,80,,,,16,,,,,,,,,,20,,,,,,4,,,,,,,160,160,,,,,,,5,5,,,,,,,,1,,35,,,,,,,,,40,40,,,,,,,,,,,8,8,,46,,,,
,,,,,,,,,,,,,,,,,,,,,,,,,,40,,,,8,,,,,,,,,,10,,,,,,2,,,,,,,80,80,,,,,,,16,16,,,,,,,,,,106,,,,,,,,,20,20,,,,,,,,,,,4,4,,23,,,,
,,,,,,,,,,,,,,,,,,,,,,,,,,20,,,,4,,,,,,,,,,5,,,,,,1,,,,,,,40,40,,,,,,,8,8,,,,,,,,,,53,,,,,,,,,10,10,,,,,,,,,,,2,2,,70,,,,
,,,,,,,,,,,,,,,,,,,,,,,,,,10,,,,2,,,,,,,,,,16,,,,,,,,,,,,,20,20,,,,,,,4,4,,,,,,,,,,160,,,,,,,,,5,5,,,,,,,,,,,1,1,,35,,,,
,,,,,,,,,,,,,,,,,,,,,,,,,,5,,,,1,,,,,,,,,,8,,,,,,,,,,,,,10,10,,,,,,,2,2,,,,,,,,,,80,,,,,,,,,16,16,,,,,,,,,,,,,,106,,,,
,,,,,,,,,,,,,,,,,,,,,,,,,,16,,,,,,,,,,,,,,4,,,,,,,,,,,,,5,5,,,,,,,1,1,,,,,,,,,,40,,,,,,,,,8,8,,,,,,,,,,,,,,53,,,,
,,,,,,,,,,,,,,,,,,,,,,,,,,8,,,,,,,,,,,,,,2,,,,,,,,,,,,,16,16,,,,,,,,,,,,,,,,,,20,,,,,,,,,4,4,,,,,,,,,,,,,,160,,,,
,,,,,,,,,,,,,,,,,,,,,,,,,,4,,,,,,,,,,,,,,1,,,,,,,,,,,,,8,8,,,,,,,,,,,,,,,,,,10,,,,,,,,,2,2,,,,,,,,,,,,,,80,,,,
,,,,,,,,,,,,,,,,,,,,,,,,,,2,,,,,,,,,,,,,,,,,,,,,,,,,,,4,4,,,,,,,,,,,,,,,,,,5,,,,,,,,,1,1,,,,,,,,,,,,,,40,,,,
,,,,,,,,,,,,,,,,,,,,,,,,,,1,,,,,,,,,,,,,,,,,,,,,,,,,,,2,2,,,,,,,,,,,,,,,,,,16,,,,,,,,,,,,,,,,,,,,,,,,20,,,,
,,,,,,,,,,,,,,,,,,,,,,,,,,,,,,,,,,,,,,,,,,,,,,,,,,,,,1,1,,,,,,,,,,,,,,,,,,8,,,,,,,,,,,,,,,,,,,,,,,,10,,,,
,,,,,,,,,,,,,,,,,,,,,,,,,,,,,,,,,,,,,,,,,,,,,,,,,,,,,,,,,,,,,,,,,,,,,,,,4,,,,,,,,,,,,,,,,,,,,,,,,5,,,,
,,,,,,,,,,,,,,,,,,,,,,,,,,,,,,,,,,,,,,,,,,,,,,,,,,,,,,,,,,,,,,,,,,,,,,,,2,,,,,,,,,,,,,,,,,,,,,,,,16,,,,
,,,,,,,,,,,,,,,,,,,,,,,,,,,,,,,,,,,,,,,,,,,,,,,,,,,,,,,,,,,,,,,,,,,,,,,,1,,,,,,,,,,,,,,,,,,,,,,,,8,,,,
,,,,,,,,,,,,,,,,,,,,,,,,,,,,,,,,,,,,,,,,,,,,,,,,,,,,,,,,,,,,,,,,,,,,,,,,,,,,,,,,,,,,,,,,,,,,,,,,4,,,,
,,,,,,,,,,,,,,,,,,,,,,,,,,,,,,,,,,,,,,,,,,,,,,,,,,,,,,,,,,,,,,,,,,,,,,,,,,,,,,,,,,,,,,,,,,,,,,,,2,,,,
,,,,,,,,,,,,,,,,,,,,,,,,,,,,,,,,,,,,,,,,,,,,,,,,,,,,,,,,,,,,,,,,,,,,,,,,,,,,,,,,,,,,,,,,,,,,,,,,1,,,,
